{
  "domain_knowledge_accuracy": 0.9,
  "embedding_recommendation": {
    "pearson_r": 0.2931353111264663,
    "p_value": 0.0030783082914672176
  },
  "taste_classification_accuracy": 0.8383838383838383
}